DMS_id,DMS_filename,UniProt_ID,taxon,target_seq,seq_len,DMS_total_number_mutants,DMS_binarization_cutoff,DMS_binarization_method,first_author,title,year,jo,molecule_name,source_organism,selection_assay,selection_type,library_construction,replicates,MSA_filename,MSA_start,MSA_end,MSA_len,MSA_bitscore,MSA_theta,MSA_num_seqs,MSA_perc_cov,MSA_num_cov,MSA_N_eff,MSA_Neff_L,MSA_Neff_L_category,MSA_num_significant,MSA_num_significant_L,raw_DMS_filename,raw_DMS_phenotype_name,raw_DMS_directionality,raw_DMS_mutant_column,weight_file_name,ProteinGym_version
B1LPA6_ECOSM_Russ_2020,B1LPA6_ECOSM_Russ_2020.csv,B1LPA6_ECOSM,Prokaryote,MTSENPLLALREKISALDEKLLALLAERRELAVEVGKAKLLSHRPVRDIDRERDLLERLITLGKAHHLDAHYITRLFQLIIEDSVLTQQALLQQHLNKINPHSARIAFLGPKGSYSHLAARQYAARHFEQFIESGCAKFADIFNQVETGQADYAVVPIENTSSGAINDVYDLLQHTSLSIVGEMTLTIDHCLLVSGTTDLSTINTVYSHPQPFQQCSKFLNRYPHWKIEYTESTSAAMEKVAQAKSPHVAALGSEAGGTLYGLQVLERIEANQRQNFTRFVVLARKAINVSDQVPAKTTLLMATGQQAGALVEALLVLRNHSLIMTRLESRPIHGNPWEEMFYLDIQANLESAEMQKALKELGEITRSMKVLGCYPSENVVPVDPT,386,3074,0.4,manual,Russ,An evolution-based model for designing chorismate mutase enzymes,2020.0,10.1126/science.aba3304,chorismate mutase,Escherichia coli,enzyme activity,enzyme activity,,,B1LPA6_ECOSM_full_04-30-2022_b05.a2m,1.0,386.0,386.0,0.5,0.2,33872.0,0.699,270.0,6160.0,22.81481481,medium,341.0,1.262962963,B1LPA6_ECOSM_Russ_2020.csv,activity,1,mutant,B1LPA6_ECOSM_theta_0.2.npy,0.1
BLAT_ECOLX_Gonzalez_2019,BLAT_ECOLX_Gonzalez_2019.csv,BLAT_ECOLX,Prokaryote,MSIQHFRVALIPFFAAFCLPVFAHPETLVKVKDAEDQLGARVGYIELDLNSGKILESFRPEERFPMMSTFKVLLCGAVLSRVDAGQEQLGRRIHYSQNDLVEYSPVTEKHLTDGMTVRELCSAAITMSDNTAANLLLTTIGGPKELTAFLHNMGDHVTRLDRWEPELNEAIPNDERDTTMPAAMATTLRKLLTGELLTLASRQQLIDWMEADKVAGPLLRSALPAGWFIADKSGAGERGSRGIIAALGPDGKPSRIVVIYTTGSQATMDERNRQIAEIGASLIKHW,286,4751,0.015686274,median,Gonzalez,Fitness Effects of Single Amino Acid Insertions and Deletions in TEM-1 Î²-Lactamase,2019.0,10.1016/j.jmb.2019.04.030,bla,Escherichia coli,"antibiotic resistance, MIC",Amp resistance,,,BLAT_ECOLX_full_11-26-2021_b02.a2m,1.0,286.0,286.0,0.2,0.2,209644.0,0.752,215.0,47605.0,221.4186047,high,446.0,2.074418605,BLAT_ECOLX_Gonzalez_indels_2019.csv,DMS_score,1,sequence,BLAT_ECOLX_theta_0.2.npy,0.1
CAPSD_AAV2S_Sinai_2021_indels,CAPSD_AAV2S_Sinai_2021_indels.csv,CAPSD_AAV2S,Virus,MAADGYLPDWLEDTLSEGIRQWWKLKPGPPPPKPAERHKDDSRGLVLPGYKYLGPFNGLDKGEPVNEADAAALEHDKAYDRQLDSGDNPYLKYNHADAEFQERLKEDTSFGGNLGRAVFQAKKRVLEPLGLVEEPVKTAPGKKRPVEHSPVEPDSSSGTGKAGQQPARKRLNFGQTGDADSVPDPQPLGQPPAAPSGLGTNTMATGSGAPMADNNEGADGVGNSSGNWHCDSTWMGDRVITTSTRTWALPTYNNHLYKQISSQSGASNDNHYFGYSTPWGYFDFNRFHCHFSPRDWQRLINNNWGFRPKRLNFKLFNIQVKEVTQNDGTTTIANNLTSTVQVFTDSEYQLPYVLGSAHQGCLPPFPADVFMVPQYGYLTLNNGSQAVGRSSFYCLEYFPSQMLRTGNNFTFSYTFEDVPFHSSYAHSQSLDRLMNPLIDQYLYYLSRTNTPSGTTTQSRLQFSQAGASDIRDQSRNWLPGPCYRQQRVSKTSADNNNSEYSWTGATKYHLNGRDSLVNPGPAMASHKDDEEKFFPQSGVLIFGKQGSEKTNVDIEKVMITDEEEIRTTNPVATEQYGSVSTNLQRGNRQAATADVNTQGVLPGMVWQDRDVYLQGPIWAKIPHTDGHFHPSPLMGGFGLKHPPPQILIKNTPVPANPSTTFSAAKFASFITQYSTGQVSVEIEWELQKENSKRWNPEIQYTSNYNKSVNVDFTVDTNGVYSEPRPIGTRYLTRNL,735,250907,-2.18477642,median,Sinai,Generative AAV capsid diversification by latent interpolation,2021.0,10.1101/2021.04.16.440236,AAV,Adeno-associated virus 2,viability for AAV capsid production,,,,CAPSD_AAV2S_uniprot_t099_msc70_mcc70_b0.8.a2m,1.0,735.0,735.0,0.8,0.01,604.0,0.782,575.0,213.8,0.371826087,low,1943.0,3.379130435,CAPSD_AAV2S_Sinai_indels_2021.csv,viral_selection,1,full_sequence,CAPSD_AAV2S_theta_0.01.npy,0.1
HIS7_YEAST_Pokusaeva_2019_indels,HIS7_YEAST_Pokusaeva_2019_indels.csv,HIS7_YEAST,Eukaryote,MTEQKALVKRITNETKIQIAISLKGGPLAIEHSIFPEKEAEAVAEQATQSQVINVHTGIGFLDHMIHALAKHSGWSLIVECIGDLHIDDHHTTEDCGIALGQAFKEALGAVRGVKRFGSGFAPLDEALSRAVVDLSNRPYAVVELGLQREKVGDLSCEMIPHFLESFAEASRITLHVDCLRGKNDHHRSESAFKALAVAIREATSPNGTNDVPSTKGVLM,220,6102,0.25,manual,Pokusaeva,An experimental assay of the interactions of amino acids from orthologous sequences shaping a complex fitness landscape,2019.0,10.1371/journal.pgen.1008079,HIS3,Saccharomyces cerevisiae,Growth,Growth,,,HIS7_YEAST_full_11-26-2021_b09.a2m,1.0,220.0,220.0,0.9,0.2,40154.0,0.873,192.0,5191.3,27.03802083,medium,318.0,1.65625,HIS7_YEAST_Pokusaeva_indels_2019.csv,DMS_score,1,sequence,HIS7_YEAST_theta_0.2.npy,0.1
PTEN_HUMAN_Mighell_2018_indels,PTEN_HUMAN_Mighell_2018_indels.csv,PTEN_HUMAN,Human,MTAIIKEIVSRNKRRYQEDGFDLDLTYIYPNIIAMGFPAERLEGVYRNNIDDVVRFLDSKHKNHYKIYNLCAERHYDTAKFNCRVAQYPFEDHNPPQLELIKPFCEDLDQWLSEDDNHVAAIHCKAGKGRTGVMICAYLLHRGKFLKAQEALDFYGEVRTRDKKGVTIPSQRRYVYYYSYLLKNHLDYRPVALLFHKMMFETIPMFSGGTCNPQFVVCQLKVKIYSSNSGPTRREDKFMYFEFPQPLPVCGDIKVEFFHKQNKMLKKDKMFHFWVNTFFIPGPEETSEKVENGSLCDQEIDSICSIERADNDKEYLVLTLTKNDLDKANKDKANRYFSPNFKVKLYFTKTVEEPSNPEASSSTSVTPDVSDNEPDHYRYSDTTDSDPENEPFDEDQHTQITKV,403,314,-2.020820613,median,Mighell,A Saturation Mutagenesis Approach to Understanding PTEN Lipid Phosphatase Activity and Genotype-Phenotype Relationships,2018.0,10.1016/j.ajhg.2018.03.018,PTEN,Homo sapiens,"growth (surrogate for enzymatic activity/hydrolysis of lipid phosphates to restore PIP2, which affects proliferation rate)",lipid phosphatase activity,,,PTEN_HUMAN_full_11-26-2021_b01.a2m,1.0,403.0,403.0,0.1,0.2,19058.0,0.752,303.0,1425.3,4.703960396,medium,52.0,0.1716171617,PTEN_HUMAN_Mighell_deletions_2018.csv,DMS_score,1,sequence,PTEN_HUMAN_theta_0.2.npy,0.1
P53_HUMAN_Kotler_2018_indels,P53_HUMAN_Kotler_2018_indels.csv,P53_HUMAN,Human,MEEPQSDPSVEPPLSQETFSDLWKLLPENNVLSPLPSQAMDDLMLSPDDIEQWFTEDPGPDEAPRMPEAAPPVAPAPAAPTPAAPAPAPSWPLSSSVPSQKTYQGSYGFRLGFLHSGTAKSVTCTYSPALNKMFCQLAKTCPVQLWVDSTPPPGTRVRAMAIYKQSQHMTEVVRRCPHHERCSDSDGLAPPQHLIRVEGNLRVEYLDDRNTFRHSVVVPYEPPEVGSDCTTIHYNYMCNSSCMGGMNRRPILTIITLEDSSGNLLGRNSFEVRVCACPGRDRRTEEENLRKKGEPHHELPPGSTKRALPNNTSSSPQPKKKPLDGEYFTLQIRGRERFEMFRELNEALELKDAQAGKEPGGSRAHSSHLKSKKGQSTSRHKKLMFKTEGPDSD,393,341,0.206718584,median,Kotler,A Systematic p53 Mutation Library Links Differential Functional Impact to Cancer Mutation Pattern and Evolutionary Conservation,2018.0,10.1016/j.molcel.2018.06.012,TP53,Homo sapiens,growth,Growth,,,P53_HUMAN_full_11-26-2021_b09.a2m,1.0,393.0,393.0,0.9,0.2,4129.0,0.863,339.0,148.0,0.4365781711,low,15.0,0.04424778761,P53_HUMAN_Kotler_deletions_2018.csv,RFS_H1299,-1,sequence,P53_HUMAN_Kotler_theta_0.2.npy,0.1
KCNJ2_MOUSE_Macdonald_2022_indels,KCNJ2_MOUSE_Macdonald_2022_indels.csv,KCNJ2_MOUSE,Eukaryote,MGSVRTNRYSIVSSEEDGMKLATMAVANGFGNGKSKVHTRQQCRSRFVKKDGHCNVQFINVGEKGQRYLADIFTTCVDIRWRWMLVIFCLAFVLSWLFFGCVFWLIALLHGDLDTSKVSKACVSEVNSFTAAFLFSIETQTTIGYGFRCVTDECPIAVFMVVFQSIVGCIIDAFIIGAVMAKMAKPKKRNETLVFSHNAVIAMRDGKLCLMWRVGNLRKSHLVEAHVRAQLLKSRITSEGEYIPLDQIDINVGFDSGIDRIFLVSPITIVHEIDEDSPLYDLSKQDIDNADFEIVVILEGMVEATAMTTQCRSSYLANEILWGHRYEPVLFEEKHYYKVDYSRFHKTYEVPNTPLCSARDLAEKKYILSNANSFCYENEVALTSKEEEEDSENGVPESTSTDSPPGIDLHNQASVPLEPRPLRRESEI,428,10502,-2.0,manual,Macdonald,"DIMPLE: deep insertion, deletion, and missense mutation libraries for exploring protein variation in evolution, disease, and biology",2022.0,10.1186/s13059-023-02880-6,Kir2.1,Mus Musculus,surface trafficking,,,,KCNJ2_MOUSE_b01.a2m,1.0,428.0,428.0,0.1,0.2,20953.0,0.743,318.0,,,,,,KCNJ2_MOUSE_Macdonald_2022_indels_noflag.csv,score,1,mutated_sequence_no_flag,KCNJ2_MOUSE_b01_theta_0.2.npy,1.0
Q8EG35_SHEON_Campbell_2022,Q8EG35_SHEON_Campbell_2022.csv,Q8EG35,,MKNCLKMKNLLPALTITMAMSAVMALVVTPNAYASKWDEKMTPEQVEATLDKKFAEGNYSPKGADSCLMCHKKSEKVMDLFKGVHGAIDSSKSPMAGLQCEACHGPLGQHNKGGNEPMITFGKQSTLSADKQNSVCMSCHQDDKRMSWNGGHHDNADVACASCHQVHVAKDPVLSKNTEMEVCTSCHTKQKADMNKRSSHPLKWAQMTCSDCHNPHGSMTDSDLNKPSVNDTCYSCHAEKRGPKLWEHAPVTENCVTCHNPHGSVNDGMLKTRAPQLCQQCHASDGHASNAYLGNTGLGSNVGDNAFTGGRSCLNCHSQVHGSNHPSGKLLQR,333,331,0.003035782214,median,,,,,,,,,,,Q8EG35_SHEON_b03.a2m,1.0,333.0,333.0,0.3,0.2,,,,,,,,,Q8EG35_SHEON_Campbell_2023.csv,selected_avg,1,mutated_sequence,Q8EG35_SHEON_b03_theta_0.2.npy,1.0
A4_HUMAN_Seuma_2022,A4_HUMAN_Seuma_2022.csv,A4_HUMAN,Human,MLPGLALLLLAAWTARALEVPTDGNAGLLAEPQIAMFCGRLNMHMNVQNGKWDSDPSGTKTCIDTKEGILQYCQEVYPELQITNVVEANQPVTIQNWCKRGRKQCKTHPHFVIPYRCLVGEFVSDALLVPDKCKFLHQERMDVCETHLHWHTVAKETCSEKSTNLHDYGMLLPCGIDKFRGVEFVCCPLAEESDNVDSADAEEDDSDVWWGGADTDYADGSEDKVVEVAEEEEVAEVEEEEADDDEDDEDGDEVEEEAEEPYEEATERTTSIATTTTTTTESVEEVVREVCSEQAETGPCRAMISRWYFDVTEGKCAPFFYGGCGGNRNNFDTEEYCMAVCGSAMSQSLLKTTQEPLARDPVKLPTTAASTPDAVDKYLETPGDENEHAHFQKAKERLEAKHRERMSQVMREWEEAERQAKNLPKADKKAVIQHFQEKVESLEQEAANERQQLVETHMARVEAMLNDRRRLALENYITALQAVPPRPRHVFNMLKKYVRAEQKDRQHTLKHFEHVRMVDPKKAAQIRSQVMTHLRVIYERMNQSLSLLYNVPAVAEEIQDEVDELLQKEQNYSDDVLANMISEPRISYGNDALMPSLTETKTTVELLPVNGEFSLDDLQPWHSFGADSVPANTENEVEPVDARPAADRGLTTRPGSGLTNIKTEEISEVKMDAEFRHDSGYEVHHQKLVFFAEDVGSNKGAIIGLMVGGVVIATVIVITLVMLKKKQYTSIHHGVVEVDAAVTPEERHLSKMQQNGYENPTYKFFEQMQN,770,2354,-2.319333116,median,Seuma,"An atlas of amyloid aggregation: the impact of substitutions, insertions, deletions and truncations on amyloid beta fibril nucleation",2022.0,10.1038/s41467-022-34742-3,APP,Homo sapiens,aggregation,survival assessment assay,DIM,"3 biological x 5 technical, 0.8-0.9 R^2, biological replicates included in file",A4_HUMAN_theta0.2_2023-08-07_b01.a2m,1.0,770.0,770.0,0.1,0.2,5272.0,0.987,760.0,99.3,0.1306578947,Low,0.0,0.0,,nscore_c,1,mutated_sequence,A4_HUMAN_theta0.2_2023-08-07_b01.npy,1.0
S22A1_HUMAN_Yee_2023_abundance,S22A1_HUMAN_Yee_2023.csv,S22A1_HUMAN,Human,PTVDDILEQVGESGWFQKQAFLILCLLSAAFAPICVGIVFLGFTPDHHCQSPGVAELSQRCGWSPAEELNYTVPGLGPAGEAFLGQCRRYEVDWNQSALSCVDPLASLATNRSHLPLGPCQDGWVYDTPGSSIVTEFNLVCADSWKLDLFQSCLNAGFLFGSLGVGYFADRFGRKLCLLGTVLVNAVSGVLMAFSPNYMSMLLFRLLQGLVSKGNWMAGYTLITEFVGSGSRRTVAIMYQMAFTVGLVALTGLAYALPHWRWLQLAVSLPTFLFLLYYWCVPESPRWLLSQKRNTEAIKIMDHIAQKNGKLPPADLKMLSLEEDVTEKLSPSFADLFRTPRLRKRTFILMYLWFTDSVLYQGLILHMGATSGNLYLDFLYSALVEIPGAFIALITIDRVGRIYPMAMSNLLAGAACLVMIFISPDLHWLNIIIMCVGRMGITIAIQMICLVNAELYPTFVRNLGVMVCSSLCDIGGIITPFIVFRLREVWQALPLILFAVLGLLAAGVTLLLPETKGVALPETMKDAENLGRKAKPKENTIYLKVQTSEPSGT,553,543,-0.75,manual,Yee,The full spectrum of OCT1 (SLC22A1) mutations bridges transporter biophysics to drug pharmacogenomics,2023.0,10.1101/2023.06.06.543963,OCT1,Homo sapiens,abundance,FACS,site-saturation mutagenesis (DIMPLE),"yes, 3",S22A1_HUMAN_theta0.2_2023-08-07_b02.a2m,1.0,553.0,553.0,0.2,0.2,198790.0,0.807,446.0,32557.5,72.99887892,Medium,485.0,1.087443946,543963_file04.xlsx,GFP_score,1,mutant,S22A1_HUMAN_theta0.2_2023-08-07_b02.npy,1.0
S22A1_HUMAN_Yee_2023_activity,S22A1_HUMAN_Yee_2023.csv,S22A1_HUMAN,Human,PTVDDILEQVGESGWFQKQAFLILCLLSAAFAPICVGIVFLGFTPDHHCQSPGVAELSQRCGWSPAEELNYTVPGLGPAGEAFLGQCRRYEVDWNQSALSCVDPLASLATNRSHLPLGPCQDGWVYDTPGSSIVTEFNLVCADSWKLDLFQSCLNAGFLFGSLGVGYFADRFGRKLCLLGTVLVNAVSGVLMAFSPNYMSMLLFRLLQGLVSKGNWMAGYTLITEFVGSGSRRTVAIMYQMAFTVGLVALTGLAYALPHWRWLQLAVSLPTFLFLLYYWCVPESPRWLLSQKRNTEAIKIMDHIAQKNGKLPPADLKMLSLEEDVTEKLSPSFADLFRTPRLRKRTFILMYLWFTDSVLYQGLILHMGATSGNLYLDFLYSALVEIPGAFIALITIDRVGRIYPMAMSNLLAGAACLVMIFISPDLHWLNIIIMCVGRMGITIAIQMICLVNAELYPTFVRNLGVMVCSSLCDIGGIITPFIVFRLREVWQALPLILFAVLGLLAAGVTLLLPETKGVALPETMKDAENLGRKAKPKENTIYLKVQTSEPSGT,553,543,1.0,manual,Yee,The full spectrum of OCT1 (SLC22A1) mutations bridges transporter biophysics to drug pharmacogenomics,2023.0,10.1101/2023.06.06.543963,OCT1,Homo sapiens,uptake of cytotoxic substrate,Growth,site-saturation mutagenesis (DIMPLE),"yes, 3",S22A1_HUMAN_theta0.2_2023-08-07_b02.a2m,1.0,553.0,553.0,0.2,0.2,198790.0,0.807,446.0,32557.5,72.99887892,Medium,485.0,1.087443946,543963_file04.xlsx,SM73_1_score,-1,mutant,S22A1_HUMAN_theta0.2_2023-08-07_b02.npy,1.0
AMFR_HUMAN_Rocklin_2023_4G3O,AMFR_HUMAN_Rocklin_2023_4G3O_indels.csv,AMFR_HUMAN,,YFQGQLNAMAHQIQEMFPQVPYHLVLQDLQLTRSVEITTDNILEGRI,47,127,,,,,,,,,,,,,AMFR_HUMAN_theta0.2_2023-08-07_b04.a2m,1.0,47.0,47.0,0.4,0.2,17787.0,0.872,41.0,1166.9,28.46097561,Medium,12.0,0.2926829268,,ddG_ML_float,1,aa_seq,AMFR_HUMAN_theta0.2_2023-08-07_b04.npy,1.0
ARGR_ECOLI_Rocklin_2023_1AOY,ARGR_ECOLI_Rocklin_2023_1AOY_indels.csv,ARGR_ECOLI,,QEELVKAFKALLKEEKFSSQGEIVAALQEQGFDNINQSKVSRMLTKFGAVRTRNAKMEMVYCLPAELGV,69,201,,,,,,,,,,,,,ARGR_ECOLI_theta0.2_2023-08-07_b04.a2m,1.0,69.0,69.0,0.4,0.2,21443.0,0.913,63.0,3719.2,59.03492063,Medium,29.0,0.4603174603,,ddG_ML_float,1,aa_seq,ARGR_ECOLI_theta0.2_2023-08-07_b04.npy,1.0
BBC1_YEAST_Rocklin_2023_1TG0,BBC1_YEAST_Rocklin_2023_1TG0_indels.csv,BBC1_YEAST,,EVPFKVVAQFPYKSDYEDDLNFEKDQEIIVTSVEDAEWYFGEYQDSNGDVIEGIFPKSFVAVQG,64,144,,,,,,,,,,,,,BBC1_YEAST_theta0.2_2023-08-07_b05.a2m,1.0,64.0,64.0,0.5,0.2,604824.0,0.844,54.0,17529.2,324.6148148,High,55.0,1.018518519,,ddG_ML_float,1,aa_seq,BBC1_YEAST_theta0.2_2023-08-07_b05.npy,1.0
BCHB_CHLTE_Rocklin_2023_2KRU,BCHB_CHLTE_Rocklin_2023_2KRU_indels.csv,BCHB_CHLTE,,ELSWTAEAEKMLGKVPFFVRKKVRKNTDNYAREIGEPVVTADVFRKAKEHLG,52,95,,,,,,,,,,,,,BCHB_CHLTE_theta0.2_2023-08-07_b04.a2m,1.0,52.0,52.0,0.4,0.2,12079.0,0.923,48.0,2630.8,54.80833333,Medium,18.0,0.375,,ddG_ML_float,1,aa_seq,BCHB_CHLTE_theta0.2_2023-08-07_b04.npy,1.0
CATR_CHLRE_Rocklin_2023_2AMI,CATR_CHLRE_Rocklin_2023_2AMI_indels.csv,CATR_CHLRE,,GLTEEQKQEIREAFDLFDTDGSGTIDAKELKVAMRALGFEPKKEEIKKMISEIDKDGSGTIDFEEFLTMMTA,72,219,,,,,,,,,,,,,CATR_CHLRE_theta0.2_2023-08-07_b03.a2m,1.0,72.0,72.0,0.3,0.2,551057.0,0.903,65.0,75596.9,1163.029231,High,57.0,0.8769230769,,ddG_ML_float,1,aa_seq,CATR_CHLRE_theta0.2_2023-08-07_b03.npy,1.0
CBPA2_HUMAN_Rocklin_2023_1O6X,CBPA2_HUMAN_Rocklin_2023_1O6X_indels.csv,CBPA2_HUMAN,,VGDQVLEIVPSNEEQIKNLLQLEAQEHLQLDFWKSPTTPGETAHVRVPFVNVQAVKVFLESQGIAYSIMIED,72,220,,,,,,,,,,,,,CBPA2_HUMAN_theta0.2_2023-08-07_b03.a2m,1.0,72.0,72.0,0.3,0.2,12711.0,0.986,71.0,3086.5,43.47183099,Medium,34.0,0.4788732394,,ddG_ML_float,1,aa_seq,CBPA2_HUMAN_theta0.2_2023-08-07_b03.npy,1.0
CBX4_HUMAN_Rocklin_2023_2K28,CBX4_HUMAN_Rocklin_2023_2K28_indels.csv,CBX4_HUMAN,,AVESIEKKRIRKGRVEYLVKWRGWSPKYNTWEPEENILDPRLLIAFQNRE,50,141,,,,,,,,,,,,,CBX4_HUMAN_theta0.2_2023-08-07_b03.a2m,1.0,50.0,50.0,0.3,0.2,108263.0,0.96,48.0,13404.4,279.2583333,High,23.0,0.4791666667,,ddG_ML_float,1,aa_seq,CBX4_HUMAN_theta0.2_2023-08-07_b03.npy,1.0
CSN4_MOUSE_Rocklin_2023_1UFM,CSN4_MOUSE_Rocklin_2023_1UFM_indels.csv,CSN4_MOUSE,,SSGGSSILDRAVIEHNLLSASKLYNNITFEELGALLEIPAAKAEKIASQMITEGRMNGFIDQIDGIVHFETR,72,221,,,,,,,,,,,,,CSN4_MOUSE_theta0.2_2023-08-07_b03.a2m,1.0,72.0,72.0,0.3,0.2,39217.0,0.889,64.0,3492.9,54.5765625,Medium,9.0,0.140625,,ddG_ML_float,1,aa_seq,CSN4_MOUSE_theta0.2_2023-08-07_b03.npy,1.0
CUE1_YEAST_Rocklin_2023_2MYX,CUE1_YEAST_Rocklin_2023_2MYX_indels.csv,CUE1_YEAST,,GGHPVTTQMVETVQNLAPNLHPEQIRYSLENTGSVEETVERYLRGDEFSFPP,52,154,,,,,,,,,,,,,CUE1_YEAST_theta0.2_2023-08-07_b08.a2m,1.0,52.0,52.0,0.8,0.2,3213.0,0.923,48.0,387.1,8.064583333,Medium,10.0,0.2083333333,,ddG_ML_float,1,aa_seq,CUE1_YEAST_theta0.2_2023-08-07_b08.npy,1.0
DN7A_SACS2_Rocklin_2023_1JIC,DN7A_SACS2_Rocklin_2023_1JIC_indels.csv,DN7A_SACS2,,TVKFKYKGEEKQVDISKIKKVWRVGKMISFTYDEGGGKTGRGAVSEKDAPKELLQ,55,155,,,,,,,,,,,,,DN7A_SACS2_theta0.2_2023-08-07_b02.a2m,1.0,55.0,55.0,0.2,0.2,42895.0,0.764,42.0,1248.1,29.71666667,Medium,13.0,0.3095238095,,ddG_ML_float,1,aa_seq,DN7A_SACS2_theta0.2_2023-08-07_b02.npy,1.0
DNJA1_HUMAN_Rocklin_2023_2LO1,DNJA1_HUMAN_Rocklin_2023_2LO1_indels.csv,DNJA1_HUMAN,,TTYYDVLGVKPNATQEELKKAYRKLALKYHPDKNPNEGEKFKQISQAYEVLSDAKKRELYDKGGE,65,193,,,,,,,,,,,,,DNJA1_HUMAN_theta0.2_2023-08-07_b07.a2m,1.0,65.0,65.0,0.7,0.2,280284.0,0.969,63.0,35361.9,561.3,High,52.0,0.8253968254,,ddG_ML_float,1,aa_seq,DNJA1_HUMAN_theta0.2_2023-08-07_b07.npy,1.0
DOCK1_MOUSE_Rocklin_2023_2M0Y,DOCK1_MOUSE_Rocklin_2023_2M0Y_indels.csv,DOCK1_MOUSE,,WVPTKREEKYGVAFYNYDARGADELSLQIGDTVHILETYEGWYRGYTLRKKSKKGIFPASYIHLKE,66,172,,,,,,,,,,,,,DOCK1_MOUSE_theta0.2_2023-08-07_b03.a2m,1.0,66.0,66.0,0.3,0.2,705447.0,0.848,56.0,22172.3,395.9339286,High,55.0,0.9821428571,,ddG_ML_float,1,aa_seq,DOCK1_MOUSE_theta0.2_2023-08-07_b03.npy,1.0
EPHB2_HUMAN_Rocklin_2023_1F0M,EPHB2_HUMAN_Rocklin_2023_1F0M_indels.csv,EPHB2_HUMAN,,SFNTVDEWLEAIKMGQYKESFANAGFTSFDVVSQMMMEDILRVGVTLAGHQKKILNSIQVMRAQMN,66,203,,,,,,,,,,,,,EPHB2_HUMAN_theta0.2_2023-08-07_b04.a2m,1.0,66.0,66.0,0.4,0.2,212234.0,0.894,59.0,8426.3,142.8186441,High,29.0,0.4915254237,,ddG_ML_float,1,aa_seq,EPHB2_HUMAN_theta0.2_2023-08-07_b04.npy,1.0
FECA_ECOLI_Rocklin_2023_2D1U,FECA_ECOLI_Rocklin_2023_2D1U_indels.csv,FECA_ECOLI,,QVNIAPGSLDKALNQYAAHSGFTLSVDASLTRGKQSNGLHGDYDVESGLQQLLDGSGLQVKPLGNNSWTLEP,72,216,,,,,,,,,,,,,FECA_ECOLI_theta0.2_2023-08-07_b06.a2m,1.0,72.0,72.0,0.6,0.2,74248.0,0.986,71.0,9949.9,140.1394366,High,63.0,0.8873239437,,ddG_ML_float,1,aa_seq,FECA_ECOLI_theta0.2_2023-08-07_b06.npy,1.0
FKBP3_HUMAN_Rocklin_2023_2KFV,FKBP3_HUMAN_Rocklin_2023_2KFV_indels.csv,FKBP3_HUMAN,,VPQRAWTVEQLRSEQLPKKDIIKFLQEHGSDSFLAEHKLLGNIKNVAKTANKDHLVTAYNHLFETKRFK,69,182,,,,,,,,,,,,,FKBP3_HUMAN_theta0.2_2023-08-07_b03.a2m,1.0,69.0,69.0,0.3,0.2,3216.0,0.957,66.0,132.0,2.0,Medium,7.0,0.1060606061,,ddG_ML_float,1,aa_seq,FKBP3_HUMAN_theta0.2_2023-08-07_b03.npy,1.0
HCP_LAMBD_Rocklin_2023_2L6Q,HCP_LAMBD_Rocklin_2023_2L6Q_indels.csv,HCP_LAMBD,,VRQEELAAARAALHDLMTGKRVATVQKDGRRVEFTATSVSDLKKYIAELEVQTGM,55,170,,,,,,,,,,,,,HCP_LAMBD_theta0.2_2023-08-07_b05.a2m,1.0,55.0,55.0,0.5,0.2,2128.0,0.945,52.0,606.5,11.66346154,Medium,15.0,0.2884615385,,ddG_ML_float,1,aa_seq,HCP_LAMBD_theta0.2_2023-08-07_b05.npy,1.0
HECD1_HUMAN_Rocklin_2023_3DKM,HECD1_HUMAN_Rocklin_2023_3DKM_indels.csv,HECD1_HUMAN,,NLYFQGLKYMVPGARVTRGLDWKWRDQDGSPQGEGTVTGELHNGWIDVTWDAGGSNSYRMGAEGKFDLKLAP,72,173,,,,,,,,,,,,,HECD1_HUMAN_theta0.2_2023-08-07_b03.a2m,1.0,72.0,72.0,0.3,0.2,18660.0,0.903,65.0,1192.3,18.34307692,Medium,24.0,0.3692307692,,ddG_ML_float,1,aa_seq,HECD1_HUMAN_theta0.2_2023-08-07_b03.npy,1.0
ILF3_HUMAN_Rocklin_2023_2L33,ILF3_HUMAN_Rocklin_2023_2L33_indels.csv,ILF3_HUMAN,,MLTKHGKNPVMELNEKRRGLKYELISETGGSHDKRFVMEVEVDGQKFQGAGSNKKVAKAYAALAALEKLFP,71,217,,,,,,,,,,,,,ILF3_HUMAN_theta0.2_2023-08-07_b03.a2m,1.0,71.0,71.0,0.3,0.2,145438.0,0.915,65.0,21228.0,326.5846154,High,57.0,0.8769230769,,ddG_ML_float,1,aa_seq,ILF3_HUMAN_theta0.2_2023-08-07_b03.npy,1.0
ISDH_STAAW_Rocklin_2023_2LHR,ISDH_STAAW_Rocklin_2023_2LHR_indels.csv,ISDH_STAAW,,YNLQKLLAPYHKAKTLERQVYELEKLQEKLPEKYKAEYKKKLDQTRVELADQVKS,55,156,,,,,,,,,,,,,ISDH_STAAW_theta0.2_2023-08-07_b01.a2m,1.0,55.0,55.0,0.1,0.2,115488.0,0.818,45.0,38123.1,847.18,High,6.0,0.1333333333,,ddG_ML_float,1,aa_seq,ISDH_STAAW_theta0.2_2023-08-07_b01.npy,1.0
MAFG_MOUSE_Rocklin_2023_1K1V,MAFG_MOUSE_Rocklin_2023_1K1V_indels.csv,MAFG_MOUSE,,LTDEELVTMSVRELNQHLRGLSKEEIIQLKQRRRTLKNRGY,41,127,,,,,,,,,,,,,MAFG_MOUSE_theta0.2_2023-08-07_b07.a2m,1.0,41.0,41.0,0.7,0.2,6178.0,1.0,41.0,156.7,3.82195122,Medium,4.0,0.09756097561,,ddG_ML_float,1,aa_seq,MAFG_MOUSE_theta0.2_2023-08-07_b07.npy,1.0
MBD11_ARATH_Rocklin_2023_6ACV,MBD11_ARATH_Rocklin_2023_6ACV_indels.csv,MBD11_ARATH,,VSVELPAPSSWKKLFYPNKVGSVKKTEVVFVAPTGEEISNRKQLEQYLKSHPGNPAIAEFDWTTSG,66,146,,,,,,,,,,,,,MBD11_ARATH_theta0.2_2023-08-07_b03.a2m,1.0,66.0,66.0,0.3,0.2,26035.0,0.909,60.0,1510.5,25.175,Medium,11.0,0.1833333333,,ddG_ML_float,1,aa_seq,MBD11_ARATH_theta0.2_2023-08-07_b03.npy,1.0
MYO3_YEAST_Rocklin_2023_2BTT,MYO3_YEAST_Rocklin_2023_2BTT_indels.csv,MYO3_YEAST,,KDPKFEAAYDFPGSGSSSELPLKKGDIVFISRDEPSGWSLAKLLDGSKEGWVPTAYMTPYK,61,90,,,,,,,,,,,,,MYO3_YEAST_theta0.2_2023-08-07_b07.a2m,1.0,61.0,61.0,0.7,0.2,442941.0,0.885,54.0,12893.2,238.762963,High,51.0,0.9444444444,,ddG_ML_float,1,aa_seq,MYO3_YEAST_theta0.2_2023-08-07_b07.npy,1.0
NKX31_HUMAN_Rocklin_2023_2L9R,NKX31_HUMAN_Rocklin_2023_2L9R_indels.csv,NKX31_HUMAN,,HSHMSHTQVIELERKFSHQKYLSAPERAHLAKNLKLTETQVKIWFQNRRYKTKRKQLSSEL,61,188,,,,,,,,,,,,,NKX31_HUMAN_theta0.2_2023-08-07_b04.a2m,1.0,61.0,61.0,0.4,0.2,319273.0,0.902,55.0,8440.8,153.4690909,High,27.0,0.4909090909,,ddG_ML_float,1,aa_seq,NKX31_HUMAN_theta0.2_2023-08-07_b04.npy,1.0
NUSA_ECOLI_Rocklin_2023_1WCL,NUSA_ECOLI_Rocklin_2023_1WCL_indels.csv,NUSA_ECOLI,,EAHAAIDTFTKYLDIDEDFATVLVEEGFSTLEELAYVPMKELLEIEGLDEPTVEALRERAKNALATIAQ,69,212,,,,,,,,,,,,,NUSA_ECOLI_theta0.2_2023-08-07_b03.a2m,1.0,69.0,69.0,0.3,0.2,205612.0,0.812,56.0,39002.5,696.4732143,High,38.0,0.6785714286,,ddG_ML_float,1,aa_seq,NUSA_ECOLI_theta0.2_2023-08-07_b03.npy,1.0
NUSG_MYCTU_Rocklin_2023_2MI6,NUSG_MYCTU_Rocklin_2023_2MI6_indels.csv,NUSG_MYCTU,,DYEVGESVTVMDGPFATLPATISEVNAEQQKLKVLVSIFGRETPVELTFGQVSKI,55,170,,,,,,,,,,,,,NUSG_MYCTU_theta0.2_2023-08-07_b03.a2m,1.0,55.0,55.0,0.3,0.2,102004.0,0.964,53.0,16625.7,313.6924528,High,41.0,0.7735849057,,ddG_ML_float,1,aa_seq,NUSG_MYCTU_theta0.2_2023-08-07_b03.npy,1.0
OBSCN_HUMAN_Rocklin_2023_1V1C,OBSCN_HUMAN_Rocklin_2023_1V1C_indels.csv,OBSCN_HUMAN,,FDIYVVTADYLPLGAEQDAITLREGQYVEVLDAAHPLRWLVRTKPTKSSPSRQGWVSPAYLDRRL,65,187,,,,,,,,,,,,,OBSCN_HUMAN_theta0.2_2023-08-07_b02.a2m,1.0,65.0,65.0,0.2,0.2,718751.0,0.815,53.0,23710.7,447.3716981,High,54.0,1.018867925,,ddG_ML_float,1,aa_seq,OBSCN_HUMAN_theta0.2_2023-08-07_b02.npy,1.0
ODP2_GEOSE_Rocklin_2023_1W4G,ODP2_GEOSE_Rocklin_2023_1W4G_indels.csv,ODP2_GEOSE,,NRRVIAMPSVRKWAREKGVDIRLVQGTGKNGRVLKEDIDAFLAG,44,57,,,,,,,,,,,,,ODP2_GEOSE_theta0.2_2023-08-07_b07.a2m,1.0,44.0,44.0,0.7,0.2,163835.0,0.909,40.0,14834.6,370.865,High,21.0,0.525,,ddG_ML_float,1,aa_seq,ODP2_GEOSE_theta0.2_2023-08-07_b07.npy,1.0
OTU7A_HUMAN_Rocklin_2023_2L2D,OTU7A_HUMAN_Rocklin_2023_2L2D_indels.csv,OTU7A_HUMAN,,TLDMDAVLSDFVRSTGAEPGLARDLLEGKNWDLTAALSDYEQ,42,96,,,,,,,,,,,,,OTU7A_HUMAN_theta0.2_2023-08-07_b02.a2m,1.0,42.0,42.0,0.2,0.2,1359071.0,0.881,37.0,514715.2,13911.22162,High,28.0,0.7567567568,,ddG_ML_float,1,aa_seq,OTU7A_HUMAN_theta0.2_2023-08-07_b02.npy,1.0
PIN1_HUMAN_Rocklin_2023_1I6C,PIN1_HUMAN_Rocklin_2023_1I6C_indels.csv,PIN1_HUMAN,,KLPPGWEKRMSRSSGRVYYFNHITNASQWERPSGNSSSG,39,120,,,,,,,,,,,,,PIN1_HUMAN_theta0.2_2023-08-07_b02.a2m,1.0,39.0,39.0,0.2,0.2,248269.0,0.821,32.0,10833.2,338.5375,High,13.0,0.40625,,ddG_ML_float,1,aa_seq,PIN1_HUMAN_theta0.2_2023-08-07_b02.npy,1.0
PITX2_HUMAN_Rocklin_2023_2L7M,PITX2_HUMAN_Rocklin_2023_2L7M_indels.csv,PITX2_HUMAN,,THFTSQQLQELEATFQRNHYPDMSTREEIAVWTNLTEARVRVWFKNRRAKWR,52,128,,,,,,,,,,,,,PITX2_HUMAN_theta0.2_2023-08-07_b04.a2m,1.0,52.0,52.0,0.4,0.2,344174.0,1.0,52.0,9819.6,188.8384615,High,25.0,0.4807692308,,ddG_ML_float,1,aa_seq,PITX2_HUMAN_theta0.2_2023-08-07_b04.npy,1.0
PKN1_HUMAN_Rocklin_2023_1URF,PKN1_HUMAN_Rocklin_2023_1URF_indels.csv,PKN1_HUMAN,,GIPATNLSRVAGLEKQLAIELKVKQGAENMIQTYSNGSTKDRKLLLTAQQMLQDSKTKIDIIRMQLRRALQ,71,206,,,,,,,,,,,,,PKN1_HUMAN_theta0.2_2023-08-07_b01.a2m,1.0,71.0,71.0,0.1,0.2,187829.0,0.845,60.0,53755.8,895.93,High,13.0,0.2166666667,,ddG_ML_float,1,aa_seq,PKN1_HUMAN_theta0.2_2023-08-07_b01.npy,1.0
POLG_PESV_Rocklin_2023_2MXD,POLG_PESV_Rocklin_2023_2MXD_indels.csv,POLG_PESV,,ALRDDEYDEWQDIIRDWRKEMTVQQFLDLKERALSGASDPDSQRYNAWLELRA,53,162,,,,,,,,,,,,,POLG_PESV_theta0.2_2023-08-07_b03.a2m,1.0,53.0,53.0,0.3,0.2,20190.0,0.887,47.0,3718.4,79.11489362,Medium,12.0,0.2553191489,,ddG_ML_float,1,aa_seq,POLG_PESV_theta0.2_2023-08-07_b03.npy,1.0
PR40A_HUMAN_Rocklin_2023_1UZC,PR40A_HUMAN_Rocklin_2023_1UZC_indels.csv,PR40A_HUMAN,,TYTWNTKEEAKQAFKELLKEKRVPSNASWEQAMKMIINDPRYSALAKLSEKKQAFNAYKVQTE,63,185,,,,,,,,,,,,,PR40A_HUMAN_theta0.2_2023-08-07_b03.a2m,1.0,63.0,63.0,0.3,0.2,63560.0,0.857,54.0,3663.8,67.84814815,Medium,16.0,0.2962962963,,ddG_ML_float,1,aa_seq,PR40A_HUMAN_theta0.2_2023-08-07_b03.npy,1.0
PSAE_SYNP2_Rocklin_2023_1PSE,PSAE_SYNP2_Rocklin_2023_1PSE_indels.csv,PSAE_SYNP2,,AIERGSKVKILRKESYWYGDVGTVASIDKSGIIYPVIVRFNKVNYNGFSGSAGGLNTNNFAEHELEVV,68,196,,,,,,,,,,,,,PSAE_SYNP2_theta0.2_2023-08-07_b09.a2m,1.0,68.0,68.0,0.9,0.2,1785.0,0.868,59.0,130.7,2.215254237,Medium,9.0,0.1525423729,,ddG_ML_float,1,aa_seq,PSAE_SYNP2_theta0.2_2023-08-07_b09.npy,1.0
RAD_ANTMA_Rocklin_2023_2CJJ,RAD_ANTMA_Rocklin_2023_2CJJ_indels.csv,RAD_ANTMA,,PWSAKENKAFERALAVYDKDTPDRWANVARAVEGRTPEEVKKHYEILVEDIKYI,54,106,,,,,,,,,,,,,RAD_ANTMA_theta0.2_2023-08-07_b01.a2m,1.0,54.0,54.0,0.1,0.2,423275.0,0.833,45.0,38133.9,847.42,High,27.0,0.6,,ddG_ML_float,1,aa_seq,RAD_ANTMA_theta0.2_2023-08-07_b01.npy,1.0
RBP1_HUMAN_Rocklin_2023_2KWH,RBP1_HUMAN_Rocklin_2023_2KWH_indels.csv,RBP1_HUMAN,,ETQAGIKEEIRRQEFLLNSLHRDLQGGIKDLSKEERLWEVQRILTALKRKLR,52,160,,,,,,,,,,,,,RBP1_HUMAN_theta0.2_2023-08-07_b01.a2m,1.0,52.0,52.0,0.1,0.2,135922.0,0.827,43.0,50510.0,1174.651163,High,6.0,0.1395348837,,ddG_ML_float,1,aa_seq,RBP1_HUMAN_theta0.2_2023-08-07_b01.npy,1.0
RCD1_ARATH_Rocklin_2023_5OAO,RCD1_ARATH_Rocklin_2023_5OAO_indels.csv,RCD1_ARATH,,PTLFAAISHKVAENDMLLINADYQQLRDKKMTRAEFVRKLRVIVGDDLLRSTITTLQ,57,140,,,,,,,,,,,,,RCD1_ARATH_theta0.2_2023-08-07_b02.a2m,1.0,57.0,57.0,0.2,0.2,6525.0,0.93,53.0,1578.5,29.78301887,Medium,2.0,0.03773584906,,ddG_ML_float,1,aa_seq,RCD1_ARATH_theta0.2_2023-08-07_b02.npy,1.0
RCRO_LAMBD_Rocklin_2023_1ORC,RCRO_LAMBD_Rocklin_2023_1ORC_indels.csv,RCRO_LAMBD,,QRITLKDYAMRFGQTKTAKDLGVYQSAINKAIHAGRKIFLTINADGSVYAEEVKDGEVKPFPS,63,194,,,,,,,,,,,,,RCRO_LAMBD_theta0.2_2023-08-07_b03.a2m,1.0,63.0,63.0,0.3,0.2,392895.0,0.762,48.0,51658.6,1076.220833,High,32.0,0.6666666667,,ddG_ML_float,1,aa_seq,RCRO_LAMBD_theta0.2_2023-08-07_b03.npy,1.0
RD23A_HUMAN_Rocklin_2023_1IFY,RD23A_HUMAN_Rocklin_2023_1IFY_indels.csv,RD23A_HUMAN,,SEYETMLTEIMSMGYERERVVAALRASYNNPHRAVEYLLTGIPG,44,134,,,,,,,,,,,,,RD23A_HUMAN_theta0.2_2023-08-07_b04.a2m,1.0,44.0,44.0,0.4,0.2,100991.0,0.864,38.0,7912.9,208.2342105,High,21.0,0.5526315789,,ddG_ML_float,1,aa_seq,RD23A_HUMAN_theta0.2_2023-08-07_b04.npy,1.0
RFAH_ECOLI_Rocklin_2023_2LCL,RFAH_ECOLI_Rocklin_2023_2LCL_indels.csv,RFAH_ECOLI,,ATPYPGDKVIITEGAFEGFQAIFTEPDGEARSMLLLNLINKEIKHSVKNTEFRKL,55,170,,,,,,,,,,,,,RFAH_ECOLI_theta0.2_2023-08-07_b04.a2m,1.0,55.0,55.0,0.4,0.2,86049.0,0.927,51.0,11748.4,230.3607843,High,35.0,0.6862745098,,ddG_ML_float,1,aa_seq,RFAH_ECOLI_theta0.2_2023-08-07_b04.npy,1.0
RL20_AQUAE_Rocklin_2023_1GYZ,RL20_AQUAE_Rocklin_2023_1GYZ_indels.csv,RL20_AQUAE,,WIARINAAVRAYGLNYSTFINGLKKAGIELDRKILADMAVRDPQAFEQVVNKVKEALQV,59,182,,,,,,,,,,,,,RL20_AQUAE_theta0.2_2023-08-07_b01.a2m,1.0,59.0,59.0,0.1,0.2,397758.0,0.814,48.0,104766.4,2182.633333,High,34.0,0.7083333333,,ddG_ML_float,1,aa_seq,RL20_AQUAE_theta0.2_2023-08-07_b01.npy,1.0
RPC1_BP434_Rocklin_2023_1R69,RPC1_BP434_Rocklin_2023_1R69_indels.csv,RPC1_BP434,,SISSRVKSKRIQLGLNQAELAQKVGTTQQSIEQLENGKTKRPRFLPELASALGVSVDWLLN,61,181,,,,,,,,,,,,,RPC1_BP434_theta0.2_2023-08-07_b05.a2m,1.0,61.0,61.0,0.5,0.2,820224.0,0.951,58.0,192520.2,3319.313793,High,73.0,1.25862069,,ddG_ML_float,1,aa_seq,RPC1_BP434_theta0.2_2023-08-07_b05.npy,1.0
RS15_GEOSE_Rocklin_2023_1A32,RS15_GEOSE_Rocklin_2023_1A32_indels.csv,RS15_GEOSE,,SPEVQIAILTEQINNLNEHLRVHKKDHHSRRGLLKMVGKRRRLLAYLRNKDVARYREIVEKLG,63,194,,,,,,,,,,,,,RS15_GEOSE_theta0.2_2023-08-07_b06.a2m,1.0,63.0,63.0,0.6,0.2,44428.0,1.0,63.0,4519.5,71.73809524,Medium,35.0,0.5555555556,,ddG_ML_float,1,aa_seq,RS15_GEOSE_theta0.2_2023-08-07_b06.npy,1.0
SAV1_MOUSE_Rocklin_2023_2YSB,SAV1_MOUSE_Rocklin_2023_2YSB_indels.csv,SAV1_MOUSE,,GEDLPLPPGWSVDWTMRGRKYYIDHNTNTTHWSHPLESGPSSG,43,95,,,,,,,,,,,,,SAV1_MOUSE_theta0.2_2023-08-07_b06.a2m,1.0,43.0,43.0,0.6,0.2,177542.0,0.791,34.0,4627.6,136.1058824,High,14.0,0.4117647059,,ddG_ML_float,1,aa_seq,SAV1_MOUSE_theta0.2_2023-08-07_b06.npy,1.0
SBI_STAAM_Rocklin_2023_2JVG,SBI_STAAM_Rocklin_2023_2JVG_indels.csv,SBI_STAAM,,VRHDERVKSANDAISKLNEKDSIENRRLAQREVNKAPMDVKEHLQKQLDALVAQKD,56,161,,,,,,,,,,,,,SBI_STAAM_theta0.2_2023-08-07_b04.a2m,1.0,56.0,56.0,0.4,0.2,14476.0,0.875,49.0,1539.4,31.41632653,Medium,21.0,0.4285714286,,ddG_ML_float,1,aa_seq,SBI_STAAM_theta0.2_2023-08-07_b04.npy,1.0
SCIN_STAAR_Rocklin_2023_2QFF,SCIN_STAAR_Rocklin_2023_2QFF_indels.csv,SCIN_STAAR,,QNEKLANELKSLLDELNVNELATGSLNTYYKRTIKISGQKAMYALKSKDFKKMSEAKYQLQKIYNEIDEA,70,142,,,,,,,,,,,,,SCIN_STAAR_theta0.2_2023-08-07_b02.a2m,1.0,70.0,70.0,0.2,0.2,38043.0,0.9,63.0,11146.3,176.9253968,High,4.0,0.06349206349,,ddG_ML_float,1,aa_seq,SCIN_STAAR_theta0.2_2023-08-07_b02.npy,1.0
SDA_BACSU_Rocklin_2023_1PV0,SDA_BACSU_Rocklin_2023_1PV0_indels.csv,SDA_BACSU,,MRKLSDELLIESYFKATEMNLNRDFIELIENEIKRRSLGHIISV,44,137,,,,,,,,,,,,,SDA_BACSU_theta0.2_2023-08-07_b05.a2m,1.0,44.0,44.0,0.5,0.2,1953.0,0.886,39.0,876.8,22.48205128,Medium,4.0,0.1025641026,,ddG_ML_float,1,aa_seq,SDA_BACSU_theta0.2_2023-08-07_b05.npy,1.0
SOX30_HUMAN_Rocklin_2023_7JJK,SOX30_HUMAN_Rocklin_2023_7JJK_indels.csv,SOX30_HUMAN,,RPMNAFMVWARIHRPALAKANPAANNAEISVQLGLEWNKLSEEQKKPYYDEAQKIKE,57,125,,,,,,,,,,,,,SOX30_HUMAN_theta0.2_2023-08-07_b03.a2m,1.0,57.0,57.0,0.3,0.2,158104.0,0.982,56.0,14909.6,266.2428571,High,36.0,0.6428571429,,ddG_ML_float,1,aa_seq,SOX30_HUMAN_theta0.2_2023-08-07_b03.npy,1.0
SPA_STAAU_Rocklin_2023_1LP1,SPA_STAAU_Rocklin_2023_1LP1_indels.csv,SPA_STAAU,,KFNKELSVAGREIVTLPNLNDPQKKAFIFSLWDDPSQSANLLAEAKKLNDAQAPK,55,170,,,,,,,,,,,,,SPA_STAAU_theta0.2_2023-08-07_b04.a2m,1.0,55.0,55.0,0.4,0.2,184804.0,0.927,51.0,2042.1,40.04117647,Medium,25.0,0.4901960784,,ddG_ML_float,1,aa_seq,SPA_STAAU_theta0.2_2023-08-07_b04.npy,1.0
SPG2_STRSG_Rocklin_2023_5UBS,SPG2_STRSG_Rocklin_2023_5UBS_indels.csv,SPG2_STRSG,,MTFKLIINGKTLKGETTTEAVDAATAEKVFKQYFNDNGIDGEWTYDDATKTFTITE,56,167,,,,,,,,,,,,,,,,,,,,,,,,,,,,ddG_ML_float,1,aa_seq,None,1.0
SPTN1_CHICK_Rocklin_2023_1TUD,SPTN1_CHICK_Rocklin_2023_1TUD_indels.csv,SPTN1_CHICK,,RQGFVPAAYVKKLDSGTGKELVLALYDYQEKSPREVTMKKGDILTLLNSTNKDWWKVEVN,60,141,,,,,,,,,,,,,SPTN1_CHICK_theta0.2_2023-08-07_b03.a2m,1.0,60.0,60.0,0.3,0.2,420793.0,0.933,56.0,15051.5,268.7767857,High,47.0,0.8392857143,,ddG_ML_float,1,aa_seq,SPTN1_CHICK_theta0.2_2023-08-07_b03.npy,1.0
SQSTM_MOUSE_Rocklin_2023_2RRU,SQSTM_MOUSE_Rocklin_2023_2RRU_indels.csv,SQSTM_MOUSE,,RLIESLSQMLSMGFSDEGGWLTRLLQTKNYDIGAALDTIQ,40,125,,,,,,,,,,,,,SQSTM_MOUSE_theta0.2_2023-08-07_b05.a2m,1.0,40.0,40.0,0.5,0.2,34660.0,0.925,37.0,3244.5,87.68918919,Medium,13.0,0.3513513514,,ddG_ML_float,1,aa_seq,SQSTM_MOUSE_theta0.2_2023-08-07_b05.npy,1.0
SR43C_ARATH_Rocklin_2023_2N88,SR43C_ARATH_Rocklin_2023_2N88_indels.csv,SR43C_ARATH,,AVAESVIGKRVGDDGKTIEYLVKWTDMSDATWEPQDNVDSTLVLLYQQ,48,149,,,,,,,,,,,,,SR43C_ARATH_theta0.2_2023-08-07_b02.a2m,1.0,48.0,48.0,0.2,0.2,101118.0,0.917,44.0,12180.6,276.8318182,High,26.0,0.5909090909,,ddG_ML_float,1,aa_seq,SR43C_ARATH_theta0.2_2023-08-07_b02.npy,1.0
SRBS1_HUMAN_Rocklin_2023_2O2W,SRBS1_HUMAN_Rocklin_2023_2O2W_indels.csv,SRBS1_HUMAN,,GIDPFTGEAIAKFNFNGDTQVEMSFRKGERITLLRQVDENWYEGRIPGTSRQGIFPITYVDVIKRPL,67,166,,,,,,,,,,,,,SRBS1_HUMAN_theta0.2_2023-08-07_b03.a2m,1.0,67.0,67.0,0.3,0.2,708655.0,0.836,56.0,22689.0,405.1607143,High,60.0,1.071428571,,ddG_ML_float,1,aa_seq,SRBS1_HUMAN_theta0.2_2023-08-07_b03.npy,1.0
TCRG1_MOUSE_Rocklin_2023_1E0L,TCRG1_MOUSE_Rocklin_2023_1E0L_indels.csv,TCRG1_MOUSE,,GATAVSEWTEYKTADGKTYYYNNRTLESTWEKPQELK,37,110,,,,,,,,,,,,,TCRG1_MOUSE_theta0.2_2023-08-07_b08.a2m,1.0,37.0,37.0,0.8,0.2,43363.0,0.865,32.0,2819.7,88.115625,Medium,14.0,0.4375,,ddG_ML_float,1,aa_seq,TCRG1_MOUSE_theta0.2_2023-08-07_b08.npy,1.0
THO1_YEAST_Rocklin_2023_2WQG,THO1_YEAST_Rocklin_2023_2WQG_indels.csv,THO1_YEAST,,SADYSSLTVVQLKDLLTKRNLSVGGLKNEWVQRLIKDDEES,41,92,,,,,,,,,,,,,THO1_YEAST_theta0.2_2023-08-07_b05.a2m,1.0,41.0,41.0,0.5,0.2,54877.0,0.805,33.0,8516.7,258.0818182,High,15.0,0.4545454545,,ddG_ML_float,1,aa_seq,THO1_YEAST_theta0.2_2023-08-07_b05.npy,1.0
TNKS2_HUMAN_Rocklin_2023_5JRT,TNKS2_HUMAN_Rocklin_2023_5JRT_indels.csv,TNKS2_HUMAN,,FSITQFVRNLGLEHLMDIFEREQITLRVLVEMGHKELKEIGINAYGHREKLIKGVERLI,59,182,,,,,,,,,,,,,TNKS2_HUMAN_theta0.2_2023-08-07_b03.a2m,1.0,59.0,59.0,0.3,0.2,270654.0,0.949,56.0,11206.0,200.1071429,High,26.0,0.4642857143,,ddG_ML_float,1,aa_seq,TNKS2_HUMAN_theta0.2_2023-08-07_b03.npy,1.0
UBE4B_HUMAN_Rocklin_2023_3L1X,UBE4B_HUMAN_Rocklin_2023_3L1X_indels.csv,UBE4B_HUMAN,,DAPDEFRDPLMDTLMTDPVRLPSGTIMDRSIILRHLLNSPTDPFNRQTLTESMLEPVPELKEQIQAWMR,69,155,,,,,,,,,,,,,UBE4B_HUMAN_theta0.2_2023-08-07_b04.a2m,1.0,69.0,69.0,0.4,0.2,310943.0,0.928,64.0,34185.4,534.146875,High,52.0,0.8125,,ddG_ML_float,1,aa_seq,UBE4B_HUMAN_theta0.2_2023-08-07_b04.npy,1.0
UBR5_HUMAN_Rocklin_2023_1I2T,UBR5_HUMAN_Rocklin_2023_1I2T_indels.csv,UBR5_HUMAN,,HRQALGERLYPRVQAMQPAFASKITGMLLELSPAQLLLLLASEDSLRARVDEAMELII,58,177,,,,,,,,,,,,,UBR5_HUMAN_theta0.2_2023-08-07_b05.a2m,1.0,58.0,58.0,0.5,0.2,17888.0,0.966,56.0,1031.7,18.42321429,Medium,14.0,0.25,,ddG_ML_float,1,aa_seq,UBR5_HUMAN_theta0.2_2023-08-07_b05.npy,1.0
VG08_BPP22_Rocklin_2023_2GP8,VG08_BPP22_Rocklin_2023_2GP8_indels.csv,VG08_BPP22,,ITGDVSAANKDAIRKQMDAAASKGDVETYRKLKAKLKGIR,40,119,,,,,,,,,,,,,VG08_BPP22_theta0.2_2023-08-07_b05.a2m,1.0,40.0,40.0,0.5,0.2,102464.0,0.875,35.0,12963.6,370.3885714,High,13.0,0.3714285714,,ddG_ML_float,1,aa_seq,VG08_BPP22_theta0.2_2023-08-07_b05.npy,1.0
VILI_CHICK_Rocklin_2023_1YU5,VILI_CHICK_Rocklin_2023_1YU5_indels.csv,VILI_CHICK,,KLETFPLDVLVNTAAEDLPRGVDPSRKENHLSDEDFKAVFGMTRSAFANLPLWKQQNLKKEKGLF,65,171,,,,,,,,,,,,,VILI_CHICK_theta0.2_2023-08-07_b01.a2m,1.0,65.0,65.0,0.1,0.2,254210.0,0.769,50.0,46507.8,930.156,High,19.0,0.38,,ddG_ML_float,1,aa_seq,VILI_CHICK_theta0.2_2023-08-07_b01.npy,1.0
VRPI_BPT7_Rocklin_2023_2WNM,VRPI_BPT7_Rocklin_2023_2WNM_indels.csv,VRPI_BPT7,,SLSVDNKKFWATVESSEHSFEVPIYAETLDEALELAEWQYVPAGFEVTRVRPCVAP,56,168,,,,,,,,,,,,,VRPI_BPT7_theta0.2_2023-08-07_b02.a2m,1.0,56.0,56.0,0.2,0.2,6266.0,0.875,49.0,1555.8,31.75102041,Medium,3.0,0.0612244898,,ddG_ML_float,1,aa_seq,VRPI_BPT7_theta0.2_2023-08-07_b02.npy,1.0
YAIA_ECOLI_Rocklin_2023_2KVT,YAIA_ECOLI_Rocklin_2023_2KVT_indels.csv,YAIA_ECOLI,,PREAYIVTIEKGKPGQTVTWYQLRADHPKPDSLISEHPTAQEAMDAKKRYED,52,130,,,,,,,,,,,,,YAIA_ECOLI_theta0.2_2023-08-07_b03.a2m,1.0,52.0,52.0,0.3,0.2,5877.0,0.788,41.0,737.2,17.9804878,Medium,5.0,0.1219512195,,ddG_ML_float,1,aa_seq,YAIA_ECOLI_theta0.2_2023-08-07_b03.npy,1.0
YNZC_BACSU_Rocklin_2023_2JVD,YNZC_BACSU_Rocklin_2023_2JVD_indels.csv,YNZC_BACSU,,MISNAKIARINELAAKAKAGVITEEEKAEQQKLRQEYLK,39,121,,,,,,,,,,,,,YNZC_BACSU_theta0.2_2023-08-07_b07.a2m,1.0,39.0,39.0,0.7,0.2,7116.0,0.974,38.0,1588.3,41.79736842,Medium,13.0,0.3421052632,,ddG_ML_float,1,aa_seq,YNZC_BACSU_theta0.2_2023-08-07_b07.npy,1.0
